# KAC_Race reviewed plugins only; key<TAB>size<TAB>sha256
# Generated UTC 2026-10-01T14:55:33.8332683Z
BEP/plugins/Amorously-AdditionalRundownAdvancements/AdditionalRundownAdvancements.dll	52224	737e3bcb723fa338b4be467c9d70850bb5986200f6e0bb770b12d2ad2f5f95e1
BEP/plugins/Amorously-AmorLib/AmorLib.dll	86016	3142986483cb47a5a72ce9d788dd058b34c62f53476cbf4fbebcdc623c2fa89c
BEP/plugins/Amorously-DescriptiveWeaponStatShower/WeaponStatShower.dll	59904	3bc0df370d740976bc2e82f59b9821bda00107cea8f87281383aacd060f99683
BEP/plugins/Amorously-SnatcherBugFix-0.5.0/SnatcherBugFix.dll	15872	f66dbdbbee1be003cd721be53f43f7874472271ce351e4761ff4dc02783f35b5
BEP/plugins/Aster0472-CoordinateTriggerEvents/CoordinateTriggerEvents.dll	265728	26bbc6148f829315459e0f4b86c3814b4e9d72821c27495391c6e510ee2f9a00
BEP/plugins/dakkhuza-MTFO/MTFO.dll	58880	cd671f3baca0ad275fa11223bdfe76b060e569ced9741b08b3ff4089da77d3bc
BEP/plugins/Dinorush-AccurateCrosshair/AccurateCrosshair.dll	21504	fffc99e2ba13ac3bbff3a5b182c252b6caadf23a63a8f9cadf4e1bfa34b69a89
BEP/plugins/Dinorush-EnemyAnimationFix/EnemyAnimationFix.dll	43520	fdadc5fdc2ce985ea54104a2c59917a380b1bba2135eeeb19f97cb3c2d52a550
BEP/plugins/Dinorush-ExtraWeaponCustomization/ExtraWeaponCustomization.dll	626688	13d918d47f040aced61d1e7f7916297c71f16316121bf1b5f5b606876d7a5a3e
BEP/plugins/Dinorush-MemoryLeakFix/MemoryLeakFix.dll	25600	b48216faaa7e47e0ffe537ee0786e8c674663b39fee6744791dd99229338f382
BEP/plugins/Dinorush-ModifierAPI/ModifierAPI.dll	20992	2048c9a1ece3ce4c62929b8d05288c5b03fdc642acb67ba179fe89511276cc11
BEP/plugins/Dinorush-ReDownFix/ReDownFix.dll	6144	1515ab57406dffab726be66951f4b4949f61a5fa1b0e89eb0a40052ffefec9cc
BEP/plugins/Dinorush-VisorWipers-1.0.3/VisorWipers.dll	12800	ebd9312a5428dbfdfa08ea3adfa3c395a0b24a0bd0ddc650ff8f74f3f4749769
BEP/plugins/Endskill-Custom_Boosters/BoosterPack.dll	26624	997270772a336b4898c78803edcff121b56aa6df7695cf4cd794f6aafc423ad7
BEP/plugins/Flowaria-FlowGeos/FlowGeos.dll	5632	8a91f151dcbf89d1f6df0dd3f26689af3c35952da00f1425b6c41ae74c792a46
BEP/plugins/Flowaria-MTFO_Extension_PartialData/MTFO.Ext.PartialData.dll	44544	30a9bfc1b703cc7268cc2fcc784ed005330ab46f6bbfbde0760d9988eaf91372
BEP/plugins/GTFO-API.dll	107008	28dcd7f22f13917306c05b423758a57694890770ba6048a2f02958b0f064bef2
BEP/plugins/GTFOModding-InjectLib/InjectLib.dll	23552	70ba0f16a745173f80eeb73e62aed50ce700d6f0042e2cc9e489e5c819013b2a
BEP/plugins/GTFOModding-SecDoorTerminalInterface/SecDoorTerminalInterface.dll	25088	288f7fe22d03de18b9bcb3930f118fb0eacfdb6af6424f3d90b97b194c2f4cc9
BEP/plugins/GTFOModding-TexturePainterAPI/TexturePainterAPI.dll	10240	7bd6ae09240f09f5108d6fc705444bd9b38b4a744b4b0940e52da83aadd42eeb
BEP/plugins/hirnukuono-AdvancedWardenObjective/AdvancedWardenObjective.dll	244736	34d2d0925b9fa9ad5912708f05269be4853fe57a96b0dd76efac50494092a78e
BEP/plugins/hirnukuono-EEC_H/ExtraEnemyCustomization.dll	426496	376b47e7d0995e9f22a3eb11de1eba28adb42d01d7f9843524356213a7ee8785
BEP/plugins/hirnukuono-LGTuner/LGTuner.dll	71680	a92a7d14207cf028c55cee32c7fa3a170d76a98747a434f5590af8f212346e65
BEP/plugins/hirnukuono-StuckEnemyFix/StuckEnemyFix.dll	8192	bdcd92f88b846628ecb195efadb65cd6de96c914526192d52dc08eca587d9cac
BEP/plugins/hirnukuono-WardenIntelOhBehave/WardenIntelOhBehave.dll	5632	7f3872c1817df9d9159c34b1bd07871ab1d6469e7e6cd834b01ae7ce1dbb7b79
BEP/plugins/Inas07-EOSExt_DimensionWarp/Inas07.EOSExt.DimensionWarp.dll	15872	6d178a6905826dbd1753197c5c7b83e5e3b11393fc39fad154d7e75415a40915
BEP/plugins/Inas07-EOSExt_EMP/Inas07.EOSExt.EMP.dll	39424	0371501d1ebbc82c5d27b594e0d2d7cd15db629aff105eb2c0a2338719eae0fd
BEP/plugins/Inas07-EOSExt_Reactor/Inas07.EOSExt.Reactor.dll	50688	97690e37b5696192301b05f7bd8e32fa990dee59967cb3716069ba3331c32ba9
BEP/plugins/Inas07-EOSExt_SecDoor/Inas07.EOSExt.SecDoor.dll	14336	94a015d5b90688e33b38db5a478d92a5aed8dc0c304d8d4ed9e1550bb73e4f68
BEP/plugins/Inas07-EOSExt_SecDoorTerminal/Inas07.EOSExt.SecurityDoorTerminal.dll	20992	2a26764d8f0c99240a4a5d0146fc6c518cd7ffeaf7a64edeeaa89a6ec68fa4c5
BEP/plugins/Inas07-EOSExt_SecuritySensor/Inas07.EOSExt.SecuritySensor.dll	23040	1cb90ba77b0e32b89d236f75d01a18933dfcbf7ac8bed931185e6e4afe936a90
BEP/plugins/Inas07-ExtraChainedPuzzleCustomization/ScanPosOverride.dll	66560	db8f7702b454fec74bc25bcfa0089d63ab33ef23f014d26321d7d48f89085328
BEP/plugins/Inas07-ExtraObjectiveSetup/FloLib.dll	83456	524fc119181e7b07a0da3e695f64be33192c7478f2bc8c6bbfa93cc0a90ea19f
BEP/plugins/Inas07-ExtraObjectiveSetup/Inas07.ExtraObjectiveSetup.dll	160256	577f1d426732ae3b5f46618ee32dde9dbd7b672e52f9165eaa934d5391bd5360
BEP/plugins/Inas07-ExtraSurvivalWaveSettings/Inas07.ExtraSurvivalWaveSettings.dll	18944	aa151f2de36c19d5737543268da7e39960ef30144bbba92a747b416dcae4f50f
BEP/plugins/Inas07-FixEndScreen/Inas07.FixEndScreen.dll	4608	383ef2725b1f7e12e5ace9b25b6d9371a99f76bcd92f8702fa39548f289a843c
BEP/plugins/Inas07-LegacyGeos/FlowGeos (ReactorTerminalResolver).dll	5632	8a91f151dcbf89d1f6df0dd3f26689af3c35952da00f1425b6c41ae74c792a46
BEP/plugins/Inas07-LocalProgression/Inas07.LocalProgression.dll	41472	5701fae3793effbcffb8120f42207de0513df1e48b1a8c812321ea3f6cfe7bdb
BEP/plugins/JarheadHME-ActuallyUsableShuttleboxes/CustomInteractAPI.dll	21504	21a4346adc3a1243ec1d606bdbeb1e780d6c32a75aae0c7c938afd4a1fbe8a6c
BEP/plugins/JarheadHME-ActuallyUsableShuttleboxes/ShuttleboxPlugin.dll	79872	3424415b5c6ebd970a69498fda67de67f398991bffc48b05227a281889f7cf8a
BEP/plugins/JarheadHME-TerminalQueryAPI/TerminalQueryAPI.dll	12288	b3a2ca65d5c95b7180c8a5f392bf3c80e20a791d09574ce94703d9a65a8e818b
BEP/plugins/Localia-PacksHelper/Localia.PacksHelper.dll	12288	942f1008aabb6545d862846c5a14217a7e6a54efa0edbc00da65bc31e5db8285
BEP/plugins/Localia-PingEverything/Localia.PingEverything.dll	8704	ec0663e7445cf1b1a863fc723bcdb834b325b4f7829d610c8d2ac8a7141bbf5c
BEP/plugins/Localia-ResourceHelper/Localia.ResourceHelper.dll	25088	9d26260a94c57b1fc6a973437fe0c76bbf5e0675d0442bb7db9b2f9d39ce577f
BEP/plugins/randomuserhi-AggroFix/AggroFix.dll	10240	00edde478934cb9884d465a01220e954a8460209cc3dad8f4ce7ba5dc195850e
BEP/plugins/randomuserhi-DamageSync/DamageSync.dll	17408	97318745f02a0d1cf63b7adcd0f8ec183c0213ad3c50029ef4cdeb4828af4924
BEP/plugins/randomuserhi-DMRReloadFix/DMRReloadFix.dll	7680	c4a10c11760555b276bb2218cefd4fef9547ba6aa07a5a7ce6b46b0b7c0c54c6
BEP/plugins/randomuserhi-KillIndicatorFix/KillIndicatorFix.dll	27136	064a62ca9582a74f67d03d9364f8cb7287c91355591b0f64c7ab735de305a29d
BEP/plugins/xiaotian-Survival/XiaoTian-SURVIVAL/SURVIVAL/Custom/net6/AddEvents.dll	89600	ce4d8094305578544f52729034f5f6121441db7e136bc3abe2276b6591ab48aa
BEP/plugins/xiaotian-Survival/XiaoTian-SURVIVAL/SURVIVAL/Custom/net6/BigPickupCarryOnBack.dll	11776	066ead7d7c272da88fbce78d85aabab0ca3f80f8e07d54c208c7c57f627e4488
BEP/plugins/xiaotian-Survival/XiaoTian-SURVIVAL/SURVIVAL/Custom/net6/Endlessinferno.plugins.dll	5632	a5699700fc5804b1f2ef5afa3ae5265365a7cd6031664f574a6468c8a0109b46
BEP/plugins/xiaotian-Survival/XiaoTian-SURVIVAL/SURVIVAL/Custom/net6/Inas07.ExtraObjectiveSetup.dll	168960	ea6dab2da5f1b3aae0127b4891cfbeeb0b5f8c62b2bb3d52fe3f03290583633d
BEP/plugins/xiaotian-Survival/XiaoTian-SURVIVAL/SURVIVAL/Custom/net6/Inas07.ThermalSights.dll	24064	a3b1829f1a99706f1cfb1f3d80f07b986a08e0dc5070ee152948127cb29bd09b
BEP/plugins/xiaotian-Survival/XiaoTian-SURVIVAL/SURVIVAL/Custom/net6/LEGACY.dll	190464	080726d19b8d5c6a5b739acac564559a47bc8878153113360796057675d203ff
BEP/plugins/xiaotian-Survival/XiaoTian-SURVIVAL/SURVIVAL/Custom/net6/PortalPuzzleChanger.dll	24064	5e0644ef3d5687067e228856012748ae4c04d328c12115e2c8fd129be88c478a
BEP/plugins/xiaotian-Survival/XiaoTian-SURVIVAL/SURVIVAL/Custom/x64/Release/netstandard2.1/Oxygen.dll	31744	1a33a1aae12571ae8a4821ad45e74c5568e8c6fcbe322cdfd6d09b989f1befbd
BEP/plugins/Zose-DeadBodyOptimization/Zose_DeadBodyOptimization.dll	23552	fe76f874250c621132284292ebcf9f36b919f8df208ec8924f4facde0aa465f6
BEP/plugins/Zose-hostType6SpawnEnemyFix/Zose_hostType6SpawnEnemyFix.dll	14848	9cf76a131cff59ae69a6d1d5ff11265af663f3b93463a897838881b651d7e550
